variant_id	chr	pos	ref	alt	gene_id	transcript_id	splice_site_pos	splice_site_type	distance_to_site	ref_score	alt_score	delta
10_87925513_G_C_hg38	chr10	87925513	G	C	ENSG00000171862	ENST00000688308	87925513	3ss	0	0.9901859164237976	0.866823673248291	-0.12336224317550659
10_87925513_G_C_hg38	chr10	87925513	G	C	ENSG00000171862	ENST00000688308	87931046	3ss	5533	0.9450529217720032	0.9389241933822632	-0.00612872838973999
10_87925513_G_C_hg38	chr10	87925513	G	C	ENSG00000171862	ENST00000688308	87933013	3ss	7500	0.942797839641571	0.9427748918533325	-2.294778823852539e-05
10_87925513_G_C_hg38	chr10	87925513	G	C	ENSG00000171862	ENST00000688308	87925558	5ss	45	0.9961557388305664	0.9361923933029175	-0.059963345527648926
10_87925513_G_C_hg38	chr10	87925513	G	C	ENSG00000171862	ENST00000688308	87931090	5ss	5577	0.9676106572151184	0.9616276025772095	-0.0059830546379089355
10_87925513_G_C_hg38	chr10	87925513	G	C	ENSG00000171862	ENST00000688308	87933252	5ss	7739	0.9859615564346313	0.9859607815742493	-7.748603820800781e-07
10_87925513_G_C_hg38	chr10	87925513	G	C	ENSG00000171862	ENST00000693560	87925513	3ss	0	0.9901859164237976	0.866823673248291	-0.12336224317550659
10_87925513_G_C_hg38	chr10	87925513	G	C	ENSG00000171862	ENST00000693560	87931046	3ss	5533	0.9450529217720032	0.9389241933822632	-0.00612872838973999
10_87925513_G_C_hg38	chr10	87925513	G	C	ENSG00000171862	ENST00000693560	87933013	3ss	7500	0.942797839641571	0.9427748918533325	-2.294778823852539e-05
10_87925513_G_C_hg38	chr10	87925513	G	C	ENSG00000171862	ENST00000693560	87925558	5ss	45	0.9961557388305664	0.9361923933029175	-0.059963345527648926
10_87925513_G_C_hg38	chr10	87925513	G	C	ENSG00000171862	ENST00000693560	87931090	5ss	5577	0.9676106572151184	0.9616276025772095	-0.0059830546379089355
10_87925513_G_C_hg38	chr10	87925513	G	C	ENSG00000171862	ENST00000693560	87933252	5ss	7739	0.9859615564346313	0.9859607815742493	-7.748603820800781e-07
10_87925513_G_C_hg38	chr10	87925513	G	C	ENSG00000171862	ENST00000371953	87925513	3ss	0	0.9901859164237976	0.866823673248291	-0.12336224317550659
10_87925513_G_C_hg38	chr10	87925513	G	C	ENSG00000171862	ENST00000371953	87931046	3ss	5533	0.9450529217720032	0.9389241933822632	-0.00612872838973999
10_87925513_G_C_hg38	chr10	87925513	G	C	ENSG00000171862	ENST00000371953	87933013	3ss	7500	0.942797839641571	0.9427748918533325	-2.294778823852539e-05
10_87925513_G_C_hg38	chr10	87925513	G	C	ENSG00000171862	ENST00000371953	87925558	5ss	45	0.9961557388305664	0.9361923933029175	-0.059963345527648926
10_87925513_G_C_hg38	chr10	87925513	G	C	ENSG00000171862	ENST00000371953	87931090	5ss	5577	0.9676106572151184	0.9616276025772095	-0.0059830546379089355
10_87925513_G_C_hg38	chr10	87925513	G	C	ENSG00000171862	ENST00000371953	87933252	5ss	7739	0.9859615564346313	0.9859607815742493	-7.748603820800781e-07
10_87933253_G_T_hg38	chr10	87933253	G	T	ENSG00000171862	ENST00000688308	87925513	3ss	-7740	0.9901859164237976	0.9901859164237976	0.0
10_87933253_G_T_hg38	chr10	87933253	G	T	ENSG00000171862	ENST00000688308	87931046	3ss	-2207	0.9450529217720032	0.9450529217720032	0.0
10_87933253_G_T_hg38	chr10	87933253	G	T	ENSG00000171862	ENST00000688308	87933013	3ss	-240	0.942797839641571	0.942797839641571	0.0
10_87933253_G_T_hg38	chr10	87933253	G	T	ENSG00000171862	ENST00000688308	87925558	5ss	-7695	0.9961557388305664	0.9961557388305664	0.0
10_87933253_G_T_hg38	chr10	87933253	G	T	ENSG00000171862	ENST00000688308	87931090	5ss	-2163	0.9676106572151184	0.9676106572151184	0.0
10_87933253_G_T_hg38	chr10	87933253	G	T	ENSG00000171862	ENST00000688308	87933252	5ss	-1	0.9859615564346313	0.9859615564346313	0.0
10_87933253_G_T_hg38	chr10	87933253	G	T	ENSG00000171862	ENST00000693560	87925513	3ss	-7740	0.9901859164237976	0.9901859164237976	0.0
10_87933253_G_T_hg38	chr10	87933253	G	T	ENSG00000171862	ENST00000693560	87931046	3ss	-2207	0.9450529217720032	0.9450529217720032	0.0
10_87933253_G_T_hg38	chr10	87933253	G	T	ENSG00000171862	ENST00000693560	87933013	3ss	-240	0.942797839641571	0.942797839641571	0.0
10_87933253_G_T_hg38	chr10	87933253	G	T	ENSG00000171862	ENST00000693560	87925558	5ss	-7695	0.9961557388305664	0.9961557388305664	0.0
10_87933253_G_T_hg38	chr10	87933253	G	T	ENSG00000171862	ENST00000693560	87931090	5ss	-2163	0.9676106572151184	0.9676106572151184	0.0
10_87933253_G_T_hg38	chr10	87933253	G	T	ENSG00000171862	ENST00000693560	87933252	5ss	-1	0.9859615564346313	0.9859615564346313	0.0
10_87933253_G_T_hg38	chr10	87933253	G	T	ENSG00000171862	ENST00000371953	87925513	3ss	-7740	0.9901859164237976	0.9901859164237976	0.0
10_87933253_G_T_hg38	chr10	87933253	G	T	ENSG00000171862	ENST00000371953	87931046	3ss	-2207	0.9450529217720032	0.9450529217720032	0.0
10_87933253_G_T_hg38	chr10	87933253	G	T	ENSG00000171862	ENST00000371953	87933013	3ss	-240	0.942797839641571	0.942797839641571	0.0
10_87933253_G_T_hg38	chr10	87933253	G	T	ENSG00000171862	ENST00000371953	87925558	5ss	-7695	0.9961557388305664	0.9961557388305664	0.0
10_87933253_G_T_hg38	chr10	87933253	G	T	ENSG00000171862	ENST00000371953	87931090	5ss	-2163	0.9676106572151184	0.9676106572151184	0.0
10_87933253_G_T_hg38	chr10	87933253	G	T	ENSG00000171862	ENST00000371953	87933252	5ss	-1	0.9859615564346313	0.9859615564346313	0.0
